type,title,url,linkitr
Tutorial,2D Collision Detection,http://bit.ly/daut2CDGT,Godot Godot, Need Knowledge?
Tutorial,Light and Shadow,http://bit.ly/dautLL2GT,Learn how to set the mood -
Tutorial,Tilemaps and Tilesets,https://youtu.be/4l8clTuU4uE,Making tilemaps and tilesets in Godot
Tutorial,Animation Player,https://youtu.be/sRNvPT2pDpI,Code less, animate more-
GDLive,200105,https://youtu.be/fH96mw7nW7Q,1
GDLive,200104,https://youtu.be/x1P_NTqdq6E,1
GDLive,200102,https://youtu.be/07yKOlrryUA,1
GDLive,191228,https://youtu.be/fDteq_ADshU,1
GDLive,191228,https://youtu.be/4IrUGP7N0H8,1
GDLive,191223,https://youtu.be/jmsld3AZ1xY,1
GDLive,191222,https://youtu.be/8nQaW-qgzv0,1
GDLive,121220,https://youtu.be/NzS669MdBP8,1
GDLive,191220,https://youtu.be/uiQdG0Ox7BM,1
GDLive,191216,https://youtu.be/CUlGUEm559M,1
GDLive,191214,https://youtu.be/R1ZTgY062l0,1
GDLive,1912141,https://youtu.be/aOGG_QHkS8Y,1
GDLive,1912142,https://youtu.be/ksTPvlzh46Q,1
GDLive,1912143,https://youtu.be/YOCNWCpSTAE,1
GDLive,191213,https://youtu.be/qeofKdpbIfo,1
GDLive,191210,https://youtu.be/LrvN1Zcj3SI,1
GDLive,191208,https://youtu.be/jrvmhc-PLyk,1
GDLive,191207,https://youtu.be/UyvOPdeDz08,1
GDLive,191207,https://youtu.be/6g5VqQlSguM,1
GDLive,191205,https://youtu.be/iiSiOTO-P8U,1
GDLive,191203,https://youtu.be/bJlRp6QgFUM,1
GDLive,1912032,https://youtu.be/kVm7gRUTcXA,1
GDLive,191130,https://youtu.be/E_RE9I-ZBL0,1
GDLive,191130,https://youtu.be/P9Vv8I23c8k,1
GDLive,191129,https://youtu.be/Es8gMIVUtDw,1
GDLive,191125,https://youtu.be/cqXWRCuDvX8,1
GDLive,1911252,https://youtu.be/g274Ii65f5s,1
GDLive,191124,https://youtu.be/6wSOo_HZUv4,1
GDLive,1911242,https://youtu.be/8EU_YgYXYDk,1
GDLive,1911243,https://youtu.be/GT3DA2YzCd0,1
GDLive,191123,https://youtu.be/vFcKJ3ueIXg,1
GDLive,200109,https://youtu.be/bU-0uDgLvik,1
GDLive,200314,https://youtu.be/1_WGjMnY73Y,1
GDLive,200313,https://youtu.be/0vJwvi0U8nY,1
GDLive,200309,https://youtu.be/6DVQy3wLPkE,1
GDLive,200307,https://youtu.be/Nl4FT8deBos,1
GDLive,2003072,https://youtu.be/7mMPNFb3iSI,1
GDLive,200302,https://youtu.be/vKh1mZbZc7s,1
GDLive,200301,https://youtu.be/WLPFfFbOEEw,1
GDLive,200229,https://youtu.be/be8qRHvhl7o,1
GDLive,200228,https://youtu.be/qO9LFSmy89M,1
GDLive,200223,https://youtu.be/WW33syQ5ius,1
GDLive,200222,https://youtu.be/JK_t_ciKMQY,1
GDLive,200217,https://youtu.be/cOqsTLIFZDQ,1
GDLive,200216,https://youtu.be/H4XHnF4Iu74,1
GDLive,200215,https://youtu.be/xn1YE9r7u4k,1
GDLive,200211,https://youtu.be/tpW3VFdbOVg,1
GDLive,2002112,https://youtu.be/Vvtu0v886Pg,1
GDLive,200203,https://youtu.be/vl-WPzgPLe4,1
GDLive,2002032,https://youtu.be/FzfmA3GXEkE,1
GDLive,200131,https://youtu.be/1JfbEho04Ck,1
GDLive,200310up,https://youtu.be/2WZJOLDRzsc,1
GDLive,200308up,https://youtu.be/ZdJEVXryDRk,1
GDLive,200303up,https://youtu.be/HV_L8MAAGfo,1
